chunk_start,chunk_end,heart rate_correlation,cadence_correlation,enhanced speed_correlation,source_file
0,9,0.9790943760776378,0.7844059201350243,0.5594503169255148,2023-07-15-18-24-29-record.csv
10,19,0.9868842122175155,-0.8965639231623037,-0.7283907129835702,2023-07-15-18-24-29-record.csv
20,29,0.949478766912485,0.8546660376331051,0.9080108539391502,2023-07-15-18-24-29-record.csv
30,39,0.4769470771631769,-0.8880454398869633,-0.7801820701470181,2023-07-15-18-24-29-record.csv
40,49,0.34308891559429255,-0.7953424910994583,-0.6855213745268128,2023-07-15-18-24-29-record.csv
50,59,-0.9607689228305296,-0.9607689228305194,-0.9180544737539063,2023-07-15-18-24-29-record.csv
0,9,0.9099100165056379,0.6932626658310042,0.8184954601103946,2023-07-30-19-00-06-record.csv
10,19,0.9872033299283692,-0.5620031586669773,0.9578742550115952,2023-07-30-19-00-06-record.csv
20,29,0.9737146838673328,0.4978356428862375,0.925183610979067,2023-07-30-19-00-06-record.csv
30,39,0.9694850042476045,0.25464595047504746,0.9657856746478415,2023-07-30-19-00-06-record.csv
40,49,0.8237286840110679,-0.19040064792358224,-0.2884621569355609,2023-07-30-19-00-06-record.csv
50,59,0.9190559550723544,-0.13333454346648105,0.591347063333066,2023-07-30-19-00-06-record.csv
60,69,0.6588109842069539,0.7772435082160486,0.9386597273168793,2023-07-30-19-00-06-record.csv
70,79,0.39998174107910206,0.360386307308776,0.20534735640497387,2023-07-30-19-00-06-record.csv
80,89,-0.9618222772535969,-0.14165017613545605,-0.8600259164096344,2023-07-30-19-00-06-record.csv
90,99,0.9486489560965047,0.8662487365435955,-0.3462006400212518,2023-07-30-19-00-06-record.csv
100,109,-0.28409408431380856,0.8464654757413572,-0.3494895084086116,2023-07-30-19-00-06-record.csv
110,119,0.53374449238395,-0.71663920033605,0.06750346714635803,2023-07-30-19-00-06-record.csv
120,129,-0.7056462110690879,-0.23205814771743719,-0.9963774187122337,2023-07-30-19-00-06-record.csv
130,139,-0.841575178670308,-0.9021427897821582,-0.9593496993961322,2023-07-30-19-00-06-record.csv
140,149,0.9557405841421722,0.13185494436965056,0.8824148396634033,2023-07-30-19-00-06-record.csv
150,159,0.6156754172245795,0.29408527584150235,-0.9027719364182601,2023-07-30-19-00-06-record.csv
160,169,-0.19003630111188902,0.10196215467030127,-0.4732290198858301,2023-07-30-19-00-06-record.csv
170,179,0.5975919941106113,0.04335432553325595,0.8879427100001853,2023-07-30-19-00-06-record.csv
180,189,-0.8993703668015784,-0.3695302932902935,-0.9359047567586126,2023-07-30-19-00-06-record.csv
190,199,-0.5285030197119377,-0.5816237160530956,-0.35351386168165394,2023-07-30-19-00-06-record.csv
200,209,0.22798158505091615,0.9232966940231341,0.4729639880303806,2023-07-30-19-00-06-record.csv
210,219,-0.9718246113281876,-0.08020478364883124,-0.08669292988377136,2023-07-30-19-00-06-record.csv
220,229,0.11811023423455219,-0.13501124663358668,0.9172419761418295,2023-07-30-19-00-06-record.csv
230,239,-0.26327803652522375,0.6743207833002968,0.5716258715040105,2023-07-30-19-00-06-record.csv
240,249,0.7488911557374246,-0.7190729424961064,0.19869428590998456,2023-07-30-19-00-06-record.csv
250,259,-0.8736808554271802,-0.5838878757005224,-0.9203124120039907,2023-07-30-19-00-06-record.csv
260,269,0.5346419224508278,0.2289243823637183,0.7302954529392165,2023-07-30-19-00-06-record.csv
270,279,0.9635860307771965,0.825804691815605,0.9625408464165947,2023-07-30-19-00-06-record.csv
280,289,0.38329269982549924,0.5527574443853814,0.5138277218891656,2023-07-30-19-00-06-record.csv
290,299,0.8191780223452255,0.33109394381951673,0.9815109980643504,2023-07-30-19-00-06-record.csv
300,309,-0.3835144799340109,-0.709560340286382,-0.7625033389988505,2023-07-30-19-00-06-record.csv
310,319,-0.7710578919176988,0.6350033015685778,0.49096784132970417,2023-07-30-19-00-06-record.csv
320,329,-0.3200712125588044,-0.671759151207772,-0.6884078676954873,2023-07-30-19-00-06-record.csv
330,339,-0.21667331544724108,0.7319062802823872,0.5200588856488054,2023-07-30-19-00-06-record.csv
340,349,-0.48405097777630773,0.4644666403701995,0.6560037192627425,2023-07-30-19-00-06-record.csv
350,359,0.17468626172999185,-0.28488523948142686,0.04647780715628274,2023-07-30-19-00-06-record.csv
360,369,-0.3646032242544609,-0.4069989426737481,0.9442701647856593,2023-07-30-19-00-06-record.csv
370,379,-0.4077015508170379,-0.8798313208578105,-0.32009758744800165,2023-07-30-19-00-06-record.csv
380,389,0.7555801427808705,0.3825339221725837,0.4731163542070073,2023-07-30-19-00-06-record.csv
390,399,-0.6264321918428353,0.5679728257406433,-0.7072220556394462,2023-07-30-19-00-06-record.csv
400,409,0.9022930934007709,0.560840092509567,-0.895385107904333,2023-07-30-19-00-06-record.csv
410,419,-0.5528920944394833,0.43495054917782094,0.9310951304183342,2023-07-30-19-00-06-record.csv
420,429,0.06877778583967854,0.13234038136964887,-0.4602571569363176,2023-07-30-19-00-06-record.csv
430,439,-0.22752181335228353,-0.9541428692985121,0.3694812417565882,2023-07-30-19-00-06-record.csv
440,449,0.47218186713687393,0.4903835107740323,-0.9821503199965684,2023-07-30-19-00-06-record.csv
450,459,0.800194008506608,-0.8647629209163019,-0.9838502525959406,2023-07-30-19-00-06-record.csv
460,469,0.8021849197316032,0.01527970453659743,0.47146478414518445,2023-07-30-19-00-06-record.csv
470,479,-0.6545085149558736,0.4523299599105863,-0.8852049119351041,2023-07-30-19-00-06-record.csv
480,489,0.8336931456246481,-0.8094977220762681,-0.9315766635514896,2023-07-30-19-00-06-record.csv
490,499,0.7183246637702415,0.08766086429255977,0.4391388425147356,2023-07-30-19-00-06-record.csv
500,509,-0.5920764356173854,-0.0398939345232501,-0.21802751292597694,2023-07-30-19-00-06-record.csv
510,519,-0.8578478076987196,0.022509713555809493,0.9652633725128429,2023-07-30-19-00-06-record.csv
520,529,-0.973233544560356,0.953606422454411,-0.26252624220720017,2023-07-30-19-00-06-record.csv
530,539,0.7021338130196533,0.4191879101752427,0.9253533371218724,2023-07-30-19-00-06-record.csv
540,549,0.9121885928091336,0.22297513630683866,0.8966357560630527,2023-07-30-19-00-06-record.csv
550,559,-0.6660824919001417,0.19177444359053672,-0.7105045491395483,2023-07-30-19-00-06-record.csv
560,569,-0.3272844173748265,0.7636582168716135,0.9651832552069063,2023-07-30-19-00-06-record.csv
570,579,0.7478832593008987,-0.10224552173931606,-0.00391720363821673,2023-07-30-19-00-06-record.csv
580,589,0.2920569973146342,0.45960101958805794,-0.9297595908643228,2023-07-30-19-00-06-record.csv
590,599,0.8381818410488459,0.3992491770927249,0.9736992000319714,2023-07-30-19-00-06-record.csv
600,609,-0.6965708109894825,0.3801070914665953,0.9469288115381583,2023-07-30-19-00-06-record.csv
610,619,-0.37570023707147676,-0.23790880209146012,-0.8539421303848685,2023-07-30-19-00-06-record.csv
620,629,-0.1215191446365012,0.22125055525652315,0.9766218340515253,2023-07-30-19-00-06-record.csv
630,639,-0.5289093759771933,0.06948342836292644,-0.7527758958750612,2023-07-30-19-00-06-record.csv
640,649,0.34346795902107663,0.8054945852259711,-0.2755135383270705,2023-07-30-19-00-06-record.csv
650,659,-0.6300529405428259,0.16920205094071342,-0.8257638178924888,2023-07-30-19-00-06-record.csv
660,669,0.7608502490311921,-0.11991202086373924,0.9027215992975689,2023-07-30-19-00-06-record.csv
670,679,-0.567017030356136,-0.09291237254182406,0.6389515352847974,2023-07-30-19-00-06-record.csv
680,689,0.21553302897203883,-0.7987128345810924,-0.9380017205172725,2023-07-30-19-00-06-record.csv
690,699,-0.19203103104697705,0.4107419311209015,-0.5554272768097044,2023-07-30-19-00-06-record.csv
700,709,-0.398577089590807,-0.4139905418008119,0.7606445456306241,2023-07-30-19-00-06-record.csv
710,719,0.8775428704035785,0.3552998134245362,0.13064513002445693,2023-07-30-19-00-06-record.csv
720,729,-0.8063107860647049,0.5656633053925573,0.7521829208876974,2023-07-30-19-00-06-record.csv
730,739,-0.1487657037404973,0.647710159961959,-0.7754408745021603,2023-07-30-19-00-06-record.csv
740,749,-0.7901170634240865,-0.845956955461227,-0.9259535354623275,2023-07-30-19-00-06-record.csv
750,759,-0.5809211706477813,0.528710880470195,0.5048526439003176,2023-07-30-19-00-06-record.csv
760,769,0.5548990855014027,0.03329598173895868,-0.8420796893101143,2023-07-30-19-00-06-record.csv
770,779,-0.5150182796635913,0.27835188023733454,-0.025733795103342783,2023-07-30-19-00-06-record.csv
780,789,0.8468123387637642,-0.014943654099702003,-0.9528262070601453,2023-07-30-19-00-06-record.csv
790,799,0.18856180599769895,-0.7099522899705851,-0.503472866586854,2023-07-30-19-00-06-record.csv
800,809,-0.030636177862961873,-0.45262061680210647,-0.604309966041195,2023-07-30-19-00-06-record.csv
810,819,-0.025867788832199205,0.8297717045227628,-0.42215284325921826,2023-07-30-19-00-06-record.csv
820,829,-0.5109094291900538,-0.4248592849904241,-0.926886415519827,2023-07-30-19-00-06-record.csv
830,839,0.08655602223476164,-0.36864508573657,0.45103487014502747,2023-07-30-19-00-06-record.csv
840,849,0.5574197096856639,0.5659846082221212,0.5902444327708022,2023-07-30-19-00-06-record.csv
850,859,0.14004725013639532,-0.03060308517264256,0.819906285177552,2023-07-30-19-00-06-record.csv
860,869,-0.6294660859374415,-0.5691960060097789,-0.15851622838481838,2023-07-30-19-00-06-record.csv
870,879,0.799518383626982,0.31947257337399215,0.9686051497862136,2023-07-30-19-00-06-record.csv
880,889,0.7105528889744486,0.4322449485391119,0.5094998178051812,2023-07-30-19-00-06-record.csv
890,899,0.30839575700153044,-0.6704035605470913,0.25545460445131124,2023-07-30-19-00-06-record.csv
900,909,-0.32311393875583644,0.34917151727365786,-0.5484483888444457,2023-07-30-19-00-06-record.csv
910,919,-0.5124691950021968,-0.4636598901079545,-0.8489111271800318,2023-07-30-19-00-06-record.csv
920,929,0.848402443196819,0.26997218257953876,-0.5696585926597156,2023-07-30-19-00-06-record.csv
930,939,0.7898437892900917,0.35690285119216336,0.5757063212892679,2023-07-30-19-00-06-record.csv
940,949,0.6224165756319665,0.18567023561196183,-0.4417918021473921,2023-07-30-19-00-06-record.csv
950,959,-0.24039043669025098,-0.7132055285631502,-0.7816445680765565,2023-07-30-19-00-06-record.csv
960,969,,-0.4344991869809415,-0.8094408055497779,2023-07-30-19-00-06-record.csv
970,979,0.8502050530657889,0.7333124484363716,-0.7197438428044762,2023-07-30-19-00-06-record.csv
980,989,0.5624560591996626,-0.22210021709506164,-0.43609297880932646,2023-07-30-19-00-06-record.csv
990,999,-0.8358182966298474,0.9083871512112917,-0.6877186657812168,2023-07-30-19-00-06-record.csv
1000,1009,0.03340765716714674,0.5535714262346949,-0.6397332600814184,2023-07-30-19-00-06-record.csv
0,9,0.8743154323154464,0.8755915809807946,0.9906997579428238,2023-08-06-08-01-48-record.csv
10,19,0.9940828677653574,0.5756942725093668,0.9176958610839673,2023-08-06-08-01-48-record.csv
20,29,0.9022027829093583,-0.7258529257443697,-0.6682784764771793,2023-08-06-08-01-48-record.csv
30,39,0.9653726175495047,-0.7718730192506983,0.46343247318644,2023-08-06-08-01-48-record.csv
40,49,-0.043840858153731045,-0.3318657056159908,0.4673484679591177,2023-08-06-08-01-48-record.csv
50,59,0.31437943303698124,0.8743515553230468,0.9741166355830738,2023-08-06-08-01-48-record.csv
60,69,-0.5090788510207609,-0.6575200257076325,-0.8315210961289761,2023-08-06-08-01-48-record.csv
70,79,0.3237556302767422,-0.601635568898715,-0.8640017983493699,2023-08-06-08-01-48-record.csv
80,89,0.7881117046768102,0.2121521901887298,-0.8799287151493675,2023-08-06-08-01-48-record.csv
90,99,0.2309470090945725,-0.4801248642680757,-0.5191300329020386,2023-08-06-08-01-48-record.csv
100,109,-0.5383024064410116,-0.6656111464745738,0.41935638992112373,2023-08-06-08-01-48-record.csv
110,119,0.8338201258012139,0.30117477619453764,-0.7974605353800874,2023-08-06-08-01-48-record.csv
120,129,0.8739944233525047,0.11948680620235806,-0.888961465129374,2023-08-06-08-01-48-record.csv
130,139,0.7686077640513849,0.4310027168326727,0.5973275390246874,2023-08-06-08-01-48-record.csv
140,149,0.05266456817082505,,0.9592058266821344,2023-08-06-08-01-48-record.csv
150,159,-0.17043021640769837,0.6472688278009252,-0.5091250600728153,2023-08-06-08-01-48-record.csv
160,169,0.47816633669550096,0.805703979695901,0.9139114264308338,2023-08-06-08-01-48-record.csv
170,179,-0.09120100538759529,0.4274164347588357,0.747556748180407,2023-08-06-08-01-48-record.csv
180,189,-0.7514766671160469,0.638098862177282,0.7250641543796819,2023-08-06-08-01-48-record.csv
190,199,0.8555051277660671,0.5360318620160915,0.3102809506766693,2023-08-06-08-01-48-record.csv
200,209,0.19684429229508998,-0.5164511343852718,-0.8010917650691886,2023-08-06-08-01-48-record.csv
210,219,-0.7049538737921925,0.5659527101201397,0.4563083998506728,2023-08-06-08-01-48-record.csv
220,229,0.30533062068521444,-0.8967094542641422,0.6207078856684343,2023-08-06-08-01-48-record.csv
230,239,-0.5475218291713259,0.5539167452957625,0.38806493392663505,2023-08-06-08-01-48-record.csv
240,249,-0.5087719303584489,0.8289473684917908,0.2076487014266981,2023-08-06-08-01-48-record.csv
250,259,-0.17210098355328374,-0.4928815179683436,0.12734920274149727,2023-08-06-08-01-48-record.csv
260,269,0.7315260059292643,-0.07107687868317603,0.827918590513493,2023-08-06-08-01-48-record.csv
270,279,-0.8040292382600355,-0.5715074738950642,0.9732266793103627,2023-08-06-08-01-48-record.csv
280,289,-0.3957684204766363,-0.529987506972178,-0.9457553766335967,2023-08-06-08-01-48-record.csv
290,299,0.48650751877110787,-0.032763120519640934,0.29144947866687637,2023-08-06-08-01-48-record.csv
300,309,0.14993140577728958,-0.2598171470878773,-0.8257218915907437,2023-08-06-08-01-48-record.csv
310,319,0.800190179889598,-0.6319370706337828,-0.9240822059107435,2023-08-06-08-01-48-record.csv
320,329,-0.6902894286956239,0.05021277534930876,-0.45902590680931704,2023-08-06-08-01-48-record.csv
330,339,0.8976573868175063,-0.05938485846606277,-0.7316824128795484,2023-08-06-08-01-48-record.csv
340,349,0.07742257578494616,0.4244892935344037,0.7083611773348316,2023-08-06-08-01-48-record.csv
350,359,0.33114998203212104,0.30741421657834767,-0.41984990956620777,2023-08-06-08-01-48-record.csv
360,369,0.43564256290648234,-0.04766568225996555,0.9890886360174811,2023-08-06-08-01-48-record.csv
370,379,0.5387421357882427,0.22100138769591593,0.7610722753319307,2023-08-06-08-01-48-record.csv
380,389,-0.9219629968406676,0.46199411058043166,-0.9864885811486482,2023-08-06-08-01-48-record.csv
390,399,0.42796700469200183,-0.1426197395578133,0.8501105490864841,2023-08-06-08-01-48-record.csv
400,409,-0.5547354641784096,0.6559350358717227,-0.8723475096863791,2023-08-06-08-01-48-record.csv
410,419,-0.04150157134885098,0.14346237160645295,-0.3015710845127364,2023-08-06-08-01-48-record.csv
420,429,,-0.15433397383899883,-0.7981897707150938,2023-08-06-08-01-48-record.csv
430,439,0.8162931212675486,-0.594079076680143,0.7226328753276857,2023-08-06-08-01-48-record.csv
440,449,,-0.7609701502578806,-0.7928453283642412,2023-08-06-08-01-48-record.csv
450,459,-0.4555274360533664,0.688845030923188,0.7345366384067421,2023-08-06-08-01-48-record.csv
460,469,0.3587703696415118,-0.33108788963947,-0.5522847621693574,2023-08-06-08-01-48-record.csv
470,479,0.234301182163268,-0.22558226105012713,-0.9155249878138263,2023-08-06-08-01-48-record.csv
480,489,0.21555736136546788,0.5656677834659021,0.5082975634967892,2023-08-06-08-01-48-record.csv
490,499,0.8016196514023682,0.634160368003142,0.9083760297894425,2023-08-06-08-01-48-record.csv
500,509,-0.3025361883447167,-0.3663167528906673,-0.8220778924661575,2023-08-06-08-01-48-record.csv
510,519,-0.8211799990972228,-0.8195442838984077,-0.8733358229666722,2023-08-06-08-01-48-record.csv
0,9,0.9259937967562474,0.8762827438893622,0.8563861880292519,2024-01-14-11-27-39-record.csv
10,19,0.9793124736810443,-0.8676245181692505,-0.9616508969083886,2024-01-14-11-27-39-record.csv
20,29,0.9906572892762745,-0.5326429114933197,-0.9167922081396682,2024-01-14-11-27-39-record.csv
30,39,0.7274431078960314,-0.5717562092600638,0.31882989377865134,2024-01-14-11-27-39-record.csv
40,49,0.8935108432072812,0.33984736897103623,-0.6897416573148144,2024-01-14-11-27-39-record.csv
50,59,-0.3963048158333444,-0.8924335940229479,-0.6645764311693201,2024-01-14-11-27-39-record.csv
60,69,0.7422489587548339,-0.5330134790650988,-0.1061567296670559,2024-01-14-11-27-39-record.csv
70,79,-0.437710195615312,0.26431031933042104,0.2746807250388524,2024-01-14-11-27-39-record.csv
80,89,-0.7718108752274145,-0.7331138898152629,-0.4982162777696512,2024-01-14-11-27-39-record.csv
90,99,0.7962075487689557,-0.5975574004793295,-0.829249846875716,2024-01-14-11-27-39-record.csv
100,109,0.5115638906741516,-0.8793905009253399,0.06108046912629318,2024-01-14-11-27-39-record.csv
110,119,-0.02936241468284067,0.652343938219648,-0.9200534434700408,2024-01-14-11-27-39-record.csv
120,129,0.5825922917345038,0.6891990369256863,0.9753696793228097,2024-01-14-11-27-39-record.csv
130,139,0.8676408000721483,-0.8037795756812826,-0.7919997204113111,2024-01-14-11-27-39-record.csv
140,149,-0.8366782414425598,0.0010030439076369327,0.6881853668369531,2024-01-14-11-27-39-record.csv
150,159,0.8872574237624994,-0.6683359825397881,-0.9698976581913795,2024-01-14-11-27-39-record.csv
160,169,0.6301547316025282,-0.28464390897899605,-0.670856067671111,2024-01-14-11-27-39-record.csv
170,179,0.9185556938286349,-0.3111542538388606,0.6917012773887687,2024-01-14-11-27-39-record.csv
180,189,0.6303404433224475,-0.11846486783115211,-0.8231374613281676,2024-01-14-11-27-39-record.csv
190,199,-0.6821181122414735,-0.8918947200015325,-0.7625381800266385,2024-01-14-11-27-39-record.csv
200,209,,0.13562356804124795,0.5624191413856592,2024-01-14-11-27-39-record.csv
210,219,-0.10880354377075666,-0.7752252489485195,-0.7819597637828948,2024-01-14-11-27-39-record.csv
220,229,-0.5424508458125147,-0.33384312366310753,-0.8608796499154223,2024-01-14-11-27-39-record.csv
230,239,0.4875418517478266,-0.008158258510056311,0.6053540516848536,2024-01-14-11-27-39-record.csv
240,249,0.6590828692358909,0.3757444903580459,0.1284829722459831,2024-01-14-11-27-39-record.csv
250,259,0.5350850968674057,-0.4112168829057868,0.9419981234069171,2024-01-14-11-27-39-record.csv
260,269,,0.7179124467671792,0.5267221716488495,2024-01-14-11-27-39-record.csv
270,279,0.9391484598290781,-0.050820930558077015,-0.6001788449775459,2024-01-14-11-27-39-record.csv
280,289,0.3849001789216195,-0.8056359997244178,-0.26452881509588877,2024-01-14-11-27-39-record.csv
290,299,,-0.4670850217475827,-0.975806489695929,2024-01-14-11-27-39-record.csv
300,309,-0.7552636507537381,0.24356079459739788,-0.44454823307410424,2024-01-14-11-27-39-record.csv
310,319,-0.9306431378860828,0.23719334974299497,-0.5889346910013171,2024-01-14-11-27-39-record.csv
320,329,0.804994082006738,0.4612776267721437,0.9882223130090263,2024-01-14-11-27-39-record.csv
330,339,-0.17234083400450312,-0.4554851820644726,-0.6182777540535547,2024-01-14-11-27-39-record.csv
340,349,-0.45141292753690787,0.5014543245329888,0.4805812169768452,2024-01-14-11-27-39-record.csv
350,359,0.09333167076931106,0.7689776566738048,0.6981398144023129,2024-01-14-11-27-39-record.csv
360,369,-0.5388576296262646,-0.43539479189708613,-0.687528881886478,2024-01-14-11-27-39-record.csv
370,379,0.9292631593150128,-0.25618017425002537,0.4242658819430272,2024-01-14-11-27-39-record.csv
380,389,-0.5771161635994873,-0.01081400530273679,0.47477016688719553,2024-01-14-11-27-39-record.csv
390,399,,0.3389271753144387,0.9379554759352998,2024-01-14-11-27-39-record.csv
400,409,-0.19252641583674476,-0.4068661617239334,-0.8987673766255287,2024-01-14-11-27-39-record.csv
410,419,0.9823165345650073,-0.7931469714874635,-0.5071159682453122,2024-01-14-11-27-39-record.csv
420,429,0.006229984869788648,-0.069128189810065,-0.24466615136565611,2024-01-14-11-27-39-record.csv
430,439,-0.6515440447318189,-0.15098397347512185,0.20033701464544348,2024-01-14-11-27-39-record.csv
440,449,0.5867386933923506,-0.2945694363143851,-0.8069026972944408,2024-01-14-11-27-39-record.csv
450,459,0.8863278483806173,-0.8035420855263271,0.6620449204745134,2024-01-14-11-27-39-record.csv
460,469,-0.4306156079541254,-0.675732831657278,-0.859798227575299,2024-01-14-11-27-39-record.csv
470,479,0.7513389489531098,0.7695954629163774,0.8484342605585706,2024-01-14-11-27-39-record.csv
480,489,,0.47888655507699424,0.9706259712944136,2024-01-14-11-27-39-record.csv
490,499,0.9100664030159559,0.9707374969350694,0.9502062930875773,2024-01-14-11-27-39-record.csv
0,9,0.9644930165327803,0.9029186908501662,0.9308979666217148,2024-04-07-06-15-10-record.csv
10,19,0.9469169522236229,0.5218955104573336,0.3369284635730324,2024-04-07-06-15-10-record.csv
20,29,0.8815808822980763,-0.4036141066009504,-0.3287700758527608,2024-04-07-06-15-10-record.csv
30,39,0.16593285117243986,-0.023433924024412127,-0.7657262013216839,2024-04-07-06-15-10-record.csv
40,49,0.9851402545241087,0.7100803454405428,0.9012058676701772,2024-04-07-06-15-10-record.csv
50,59,0.6842708176593141,0.34887035642074027,0.9413300701672173,2024-04-07-06-15-10-record.csv
60,69,0.9363568935244159,-0.04335657635144857,-0.9830589846922013,2024-04-07-06-15-10-record.csv
70,79,0.3391654507409746,0.5594823581686118,-0.2894356696053701,2024-04-07-06-15-10-record.csv
80,89,0.8620985925227712,0.5526228254653537,0.9935397692480744,2024-04-07-06-15-10-record.csv
90,99,0.295985376273698,0.10931563840111747,-0.9118137576241697,2024-04-07-06-15-10-record.csv
100,109,-0.8886025027978683,-0.46342989815507035,0.8979804011240503,2024-04-07-06-15-10-record.csv
110,119,0.1353097606744147,0.5267526470436427,-0.992653664734992,2024-04-07-06-15-10-record.csv
120,129,-0.05756103915250758,-0.21149276743673806,0.713043030554491,2024-04-07-06-15-10-record.csv
130,139,-0.35521463680225507,-0.40627682874415805,0.1496215572842759,2024-04-07-06-15-10-record.csv
140,149,-0.7384689036297655,-0.9346205034103879,0.5879084970423663,2024-04-07-06-15-10-record.csv
150,159,0.8110396646639146,-0.02771020736645954,-0.8785920325727302,2024-04-07-06-15-10-record.csv
160,169,-0.5753969313730781,0.4787883070895532,0.9981536142819221,2024-04-07-06-15-10-record.csv
170,179,0.8300153591291118,-0.7504722333213545,-0.4811713428256364,2024-04-07-06-15-10-record.csv
180,189,0.7509648029822186,-0.7741725829485829,-0.9783324839703466,2024-04-07-06-15-10-record.csv
190,199,-0.6411170581136827,0.3010017742218534,-0.9473466858813838,2024-04-07-06-15-10-record.csv
200,209,-0.2765648050170974,0.46916118302815873,0.9804461207206357,2024-04-07-06-15-10-record.csv
210,219,-0.7933953827503383,0.17511383865019944,-0.9046558170667708,2024-04-07-06-15-10-record.csv
220,229,-0.6334796122493347,0.9425991150973553,0.9857869355119346,2024-04-07-06-15-10-record.csv
230,239,0.7043305630010442,-0.6722495692891579,0.7559273219897475,2024-04-07-06-15-10-record.csv
240,249,-0.17335891227138062,0.6565985398732663,0.9548425967313342,2024-04-07-06-15-10-record.csv
250,259,-0.87528975563686,-0.4050068382140433,0.22474805793903946,2024-04-07-06-15-10-record.csv
260,269,-0.022675062335273954,-0.5309457895528942,0.602594318192104,2024-04-07-06-15-10-record.csv
270,279,0.9409914042618559,-0.21745221362843623,-0.7858560051247939,2024-04-07-06-15-10-record.csv
280,289,0.8134797967923539,0.4333002238471458,0.7230358716864409,2024-04-07-06-15-10-record.csv
290,299,-0.7762874076366637,0.30730357753629894,-0.97290621898363,2024-04-07-06-15-10-record.csv
300,309,0.7069037363540815,0.36869675762090803,-0.2995247090944395,2024-04-07-06-15-10-record.csv
310,319,-0.22822565357278538,-0.7410819086993372,-0.9798890940526587,2024-04-07-06-15-10-record.csv
320,329,0.7565996207252308,0.32975331641019606,0.8793223236853039,2024-04-07-06-15-10-record.csv
330,339,-0.873954602017937,-0.4822718929002483,0.9550448666134048,2024-04-07-06-15-10-record.csv
340,349,0.40766984138130263,0.6116575554701326,-0.9890216490431174,2024-04-07-06-15-10-record.csv
350,359,0.5003169633620045,-0.7096915217169776,0.4547279443963617,2024-04-07-06-15-10-record.csv
360,369,-0.5890501506578306,0.20447758663285998,0.8192572960307019,2024-04-07-06-15-10-record.csv
370,379,0.9218657680147676,-0.4012911182287803,-0.9488463080298256,2024-04-07-06-15-10-record.csv
380,389,-0.5345395844909895,0.7608058368426791,-0.8464073859885979,2024-04-07-06-15-10-record.csv
390,399,0.6002753966438035,0.2332339075281502,-0.795268393846303,2024-04-07-06-15-10-record.csv
400,409,-0.8582269343052963,0.13485235457974837,0.9149941761493705,2024-04-07-06-15-10-record.csv
410,419,-0.2340852752499533,0.35098297971935544,0.029109291102664143,2024-04-07-06-15-10-record.csv
420,429,-0.3875245460506185,-0.17763350996425387,-0.963618892741072,2024-04-07-06-15-10-record.csv
430,439,0.9063906817212214,-0.17712658238855206,7.207599888043232e-10,2024-04-07-06-15-10-record.csv
440,449,-0.8747438254631844,-0.581807017261324,0.9802715172514312,2024-04-07-06-15-10-record.csv
450,459,-0.48157968144871477,-0.5809763887941951,0.5354320484068591,2024-04-07-06-15-10-record.csv
460,469,0.7099319466177909,-0.12412177922278347,-0.9959015692162378,2024-04-07-06-15-10-record.csv
470,479,-0.37291712942534194,0.4295148982747521,-0.8970887673777802,2024-04-07-06-15-10-record.csv
480,489,-0.3160261948695814,0.5280161810724208,0.8699838348081578,2024-04-07-06-15-10-record.csv
490,499,-0.6848030310712873,-0.6528440955435207,-0.8858032928329256,2024-04-07-06-15-10-record.csv
500,509,-0.09482166761089954,0.5113360789633532,0.6319578969266031,2024-04-07-06-15-10-record.csv
510,519,-0.5177251704263383,0.8951244663789647,-0.9954166063837298,2024-04-07-06-15-10-record.csv
520,529,0.4309024272169812,-0.30773657094802054,0.8117857941380515,2024-04-07-06-15-10-record.csv
530,539,0.8902845137013224,-0.37572504525826084,0.8376098669362516,2024-04-07-06-15-10-record.csv
540,549,-0.20017244163259354,0.6481020429553901,0.7966055492779949,2024-04-07-06-15-10-record.csv
550,559,0.8014252351470602,-0.46500244311594563,0.3750012597023557,2024-04-07-06-15-10-record.csv
560,569,0.29420401660961976,-0.5070277977723278,0.5751596722086153,2024-04-07-06-15-10-record.csv
570,579,0.3313394784548292,-0.047973572164919265,0.7530005404428138,2024-04-07-06-15-10-record.csv
580,589,0.9225345431647849,-0.46528508800794777,0.13829740504374188,2024-04-07-06-15-10-record.csv
590,599,-0.9514405993197226,-0.8319738108104517,-0.8386022590796653,2024-04-07-06-15-10-record.csv
600,609,0.8269965914214877,0.8908090062186372,0.9889799780707548,2024-04-07-06-15-10-record.csv
610,619,-0.9588122099614667,0.27077043002124107,0.9723095978776963,2024-04-07-06-15-10-record.csv
620,629,-0.4515548994799061,-0.7725144895072539,0.7728844117249707,2024-04-07-06-15-10-record.csv
630,639,0.06075401413959809,-0.6230441200885276,-0.9847861406899778,2024-04-07-06-15-10-record.csv
640,649,-0.48028846003800274,0.905803228727051,-0.7100077024371246,2024-04-07-06-15-10-record.csv
650,659,-0.6853090163274879,0.09589759851913987,0.5053604953719946,2024-04-07-06-15-10-record.csv
660,669,0.5204516475472626,-0.6277701239319071,0.3687479389828,2024-04-07-06-15-10-record.csv
670,679,0.29264518731443645,-0.4238130068500321,0.9300822063189284,2024-04-07-06-15-10-record.csv
680,689,-0.2423901751169644,-0.32928115616254316,-0.5333860417408857,2024-04-07-06-15-10-record.csv
690,699,-0.18022620561034833,-0.5685560899769756,0.9366788276116179,2024-04-07-06-15-10-record.csv
700,709,-0.3273152825013561,0.17967532345511603,-0.9774528799500486,2024-04-07-06-15-10-record.csv
710,719,0.447091255237977,0.06739225889783004,0.8420865266547178,2024-04-07-06-15-10-record.csv
720,729,-0.7493242674270515,-0.8561114060847362,-0.09117616196385268,2024-04-07-06-15-10-record.csv
730,739,0.6819745784023439,0.7941241154524181,0.9328515270324249,2024-04-07-06-15-10-record.csv
740,749,-0.321098708589643,-0.022547245376550732,-0.9871443321181069,2024-04-07-06-15-10-record.csv
750,759,0.15408183988353533,0.21175116326271773,-0.9685768961113721,2024-04-07-06-15-10-record.csv
760,769,-0.1834865478892632,0.35876960283387443,0.996968873064215,2024-04-07-06-15-10-record.csv
770,779,-0.7232092681528838,0.391711343286253,-0.9868821197921944,2024-04-07-06-15-10-record.csv
780,789,0.4703712183316681,-0.46880687232098395,0.8336699370286798,2024-04-07-06-15-10-record.csv
790,799,-0.8592273554369697,-0.49048914060819965,-0.7216686701487516,2024-04-07-06-15-10-record.csv
800,809,0.26203509234325356,-0.14463364937443726,0.9544410479322877,2024-04-07-06-15-10-record.csv
810,819,-0.8460128219777393,-0.31946721641915254,-0.8497718391300153,2024-04-07-06-15-10-record.csv
820,829,0.3746599101081054,0.19748546946162715,-0.9443293886897435,2024-04-07-06-15-10-record.csv
830,839,0.25784672776092693,-0.5808063680395553,-0.635176545162235,2024-04-07-06-15-10-record.csv
840,849,0.677185111153878,-0.5456842681670654,-0.992815172533974,2024-04-07-06-15-10-record.csv
850,859,0.20355948198023058,-0.026551746328396467,-0.8054524225597175,2024-04-07-06-15-10-record.csv
860,869,-0.6127017861529723,0.7760911725925591,0.9796974239335227,2024-04-07-06-15-10-record.csv
870,879,-0.5707947827001543,0.8552258786382728,0.9915547136019676,2024-04-07-06-15-10-record.csv
880,889,-0.8474422768682386,-0.19398866838240414,0.9901667433739758,2024-04-07-06-15-10-record.csv
890,899,-0.1168412505296127,-0.6826730701714053,-0.8213201186778748,2024-04-07-06-15-10-record.csv
900,909,0.7680526216686487,0.17680638399375906,-0.978762175490568,2024-04-07-06-15-10-record.csv
910,919,0.1351041459730012,0.40781696627025454,-0.9834281723851551,2024-04-07-06-15-10-record.csv
920,929,0.674736342656268,0.4042248213650542,-0.9899104730194563,2024-04-07-06-15-10-record.csv
930,939,0.23430768396968252,-0.35901533883964615,-0.9887935105931025,2024-04-07-06-15-10-record.csv
940,949,-0.9279482977084602,-0.4240085651413451,0.9882000875697368,2024-04-07-06-15-10-record.csv
950,959,-0.9490374223982282,-0.5110997073945437,0.9907942444797441,2024-04-07-06-15-10-record.csv
960,969,0.7419607095081046,-0.5384681435794979,-0.9865898772935968,2024-04-07-06-15-10-record.csv
970,979,0.7506800241346553,0.2724669259306246,0.7364961458586016,2024-04-07-06-15-10-record.csv
980,989,0.4509606627091133,-0.036216673349031614,-0.8428461682014298,2024-04-07-06-15-10-record.csv
990,999,-0.8908820719154613,-0.06887616505392691,0.9897424173513395,2024-04-07-06-15-10-record.csv
1000,1009,-0.23983357977024022,-0.6698439695545935,0.2460809969912976,2024-04-07-06-15-10-record.csv
1010,1019,-0.30840329236364605,-0.23900621990527335,0.9277204116803778,2024-04-07-06-15-10-record.csv
1020,1029,-0.6052180674669,-0.1535013648851258,-0.8479661730671371,2024-04-07-06-15-10-record.csv
1030,1039,-0.7231296181082426,0.06670937296673118,0.8543308658313409,2024-04-07-06-15-10-record.csv
1040,1049,0.47830498762160406,-0.6907896235027103,0.9646932794336345,2024-04-07-06-15-10-record.csv
1050,1059,0.8892515393516899,0.20712819059381807,-0.9907581148321623,2024-04-07-06-15-10-record.csv
1060,1069,0.5056182394156753,0.4767205836736766,-0.8649816391976922,2024-04-07-06-15-10-record.csv
1070,1079,0.7007075044192838,-0.40013121235311977,0.379707986654074,2024-04-07-06-15-10-record.csv
1080,1089,-0.9396252042592391,-0.4271025689311128,-0.8630139121530305,2024-04-07-06-15-10-record.csv
1090,1099,-0.5530469794422865,0.8932808711901621,0.96814075152012,2024-04-07-06-15-10-record.csv
1100,1109,0.11734857479183582,0.4991705641359683,-0.9183690687681995,2024-04-07-06-15-10-record.csv
1110,1119,-0.942568156895039,-0.5903510376865836,-0.9867185582593446,2024-04-07-06-15-10-record.csv
1120,1129,0.7914146937226412,-0.8368272272653913,-0.3909372730425233,2024-04-07-06-15-10-record.csv
1130,1139,0.177263765673999,0.6948822918786565,0.9256650608300238,2024-04-07-06-15-10-record.csv
1140,1149,0.7916468640934113,-0.5006070603080057,-0.855632541579022,2024-04-07-06-15-10-record.csv
1150,1159,0.7721106157042309,-0.008632460228086907,-0.09805054587095718,2024-04-07-06-15-10-record.csv
1160,1169,-0.4815261113378686,0.4920562784819657,0.9932298760276465,2024-04-07-06-15-10-record.csv
1170,1179,0.32455516153248165,-0.6529387911474351,-0.9750036460100262,2024-04-07-06-15-10-record.csv
1180,1189,0.8964337177385311,0.00810015389935882,-0.823687979137089,2024-04-07-06-15-10-record.csv
1190,1199,0.18111355553246083,0.13111248731477046,-0.9767713501265392,2024-04-07-06-15-10-record.csv
1200,1209,0.14876148922213292,-0.10607478336727902,-0.9467787311609028,2024-04-07-06-15-10-record.csv
1210,1219,-0.5878136802836208,0.4271539760790618,0.9382744831583958,2024-04-07-06-15-10-record.csv
1220,1229,-0.7793762532219941,0.20980568407054406,0.8474352740975495,2024-04-07-06-15-10-record.csv
1230,1239,0.908011191477231,-0.17425189916859202,0.6881553958795763,2024-04-07-06-15-10-record.csv
1240,1249,0.9442364102459617,0.9033675958771176,-0.11289143206433835,2024-04-07-06-15-10-record.csv
1250,1259,-0.38748057431942085,-0.55772107725775,-0.9522131655447409,2024-04-07-06-15-10-record.csv
1260,1269,-0.8525997113659886,0.029664318095228976,-0.9888419207346436,2024-04-07-06-15-10-record.csv
1270,1279,-0.18463610063694946,-0.6961997729409426,-0.14252334646124076,2024-04-07-06-15-10-record.csv
1280,1289,-0.21235299507727776,0.7859079986842343,0.9935100798103154,2024-04-07-06-15-10-record.csv
1290,1299,-0.23982776254908494,0.09662125684776399,0.9955037067632193,2024-04-07-06-15-10-record.csv
1300,1309,-0.5189685768301826,-0.5174190487072723,-0.6287015343027703,2024-04-07-06-15-10-record.csv
1310,1319,0.37927532116412066,0.5074855062904274,0.9589559010631317,2024-04-07-06-15-10-record.csv
1320,1329,-0.3902473532592916,0.4702647191712293,0.6976334128988948,2024-04-07-06-15-10-record.csv
1330,1339,0.17597429182018773,0.5390231816221361,-0.6620270179743923,2024-04-07-06-15-10-record.csv
1340,1349,-0.9581680760760652,0.27332103459319473,0.1461463063697303,2024-04-07-06-15-10-record.csv
1350,1359,0.9666664217352723,-0.3053880029375055,-0.9509548082945299,2024-04-07-06-15-10-record.csv
1360,1369,-0.5820700327829178,-0.23039478765315172,-0.8945658935965288,2024-04-07-06-15-10-record.csv
1370,1379,-0.4711618748508135,0.46774456829095606,0.4241566466399801,2024-04-07-06-15-10-record.csv
1380,1389,0.7617177049726789,-0.2500167459957804,0.8069287082495492,2024-04-07-06-15-10-record.csv
1390,1399,0.03238626606347933,-0.7096189241341097,-0.2208057194279525,2024-04-07-06-15-10-record.csv
1400,1409,-0.8973499657354687,0.5189696109776929,0.9128271863261322,2024-04-07-06-15-10-record.csv
1410,1419,-0.6880944510117607,-0.23157470689905996,0.6157224710739426,2024-04-07-06-15-10-record.csv
1420,1429,-0.44647088095318954,0.15091279057569024,0.8295749901525173,2024-04-07-06-15-10-record.csv
1430,1439,0.9248886112776755,0.4226866509288202,0.8839537449967119,2024-04-07-06-15-10-record.csv
1440,1449,-0.9023621379317239,0.5978606910730234,0.4779229061854653,2024-04-07-06-15-10-record.csv
1450,1459,0.8778241772433495,-0.25357233278651525,-0.8199035788858623,2024-04-07-06-15-10-record.csv
1460,1469,0.31551298921212323,-0.6845504986252737,-0.9572419671617644,2024-04-07-06-15-10-record.csv
1470,1479,-0.7423938244254963,-0.06643283099074486,0.06767615574713182,2024-04-07-06-15-10-record.csv
1480,1489,0.15577445796631453,0.5528864336473129,0.6604696888324422,2024-04-07-06-15-10-record.csv
1490,1499,-0.23134553803606503,0.8073642204219101,0.9926803420234888,2024-04-07-06-15-10-record.csv
1500,1509,-0.0764351865144319,-0.7059014299137621,0.9522143067604671,2024-04-07-06-15-10-record.csv
1510,1519,0.8136458274679931,0.01590851864531216,-0.7013343823121835,2024-04-07-06-15-10-record.csv
1520,1529,0.16298194388570397,-0.2827014147315785,-0.9345137694077844,2024-04-07-06-15-10-record.csv
1530,1539,-0.8567595656613365,0.6211495546394757,0.6483362348183965,2024-04-07-06-15-10-record.csv
1540,1549,0.6055469663709292,0.5277746934666689,0.8481969904554264,2024-04-07-06-15-10-record.csv
1550,1559,0.3889326362372486,0.4356655373443055,0.9826843177785767,2024-04-07-06-15-10-record.csv
1560,1569,0.4450545587287649,-0.5863011557641084,-0.8865374052729376,2024-04-07-06-15-10-record.csv
1570,1579,0.7540938981994637,0.028244677825735906,-0.966962172720548,2024-04-07-06-15-10-record.csv
1580,1589,-0.06385043731937515,0.9454610679587508,-0.9520458906848751,2024-04-07-06-15-10-record.csv
1590,1599,0.34763872548438873,0.6790553416743275,0.8834910449824458,2024-04-07-06-15-10-record.csv
1600,1609,-0.3696931759768706,0.40382126474512764,0.9975045188709367,2024-04-07-06-15-10-record.csv
1610,1619,0.6355812599667857,-0.5343376235206023,-0.2855663992025388,2024-04-07-06-15-10-record.csv
1620,1629,0.03808590410055973,0.6149314773958688,0.9500703178120681,2024-04-07-06-15-10-record.csv
1630,1639,-0.5094749139086159,0.35515190471875857,0.9072779484984811,2024-04-07-06-15-10-record.csv
1640,1649,0.5062709219135433,0.4033645812835785,0.7403670559881405,2024-04-07-06-15-10-record.csv
1650,1659,0.09940927641497485,-0.5341311470318841,-0.9218387354960825,2024-04-07-06-15-10-record.csv
1660,1669,-1.1335047601641478e-09,-0.9355974606254089,-0.2543201829704118,2024-04-07-06-15-10-record.csv
1670,1679,-0.025321796827376238,0.4149020478909126,-0.8198902043136802,2024-04-07-06-15-10-record.csv
1680,1689,0.8340972753894258,0.18405427065196556,0.9895968908643465,2024-04-07-06-15-10-record.csv
1690,1699,0.15300090546515593,0.011333400826082212,-0.9903931705069997,2024-04-07-06-15-10-record.csv
1700,1709,0.82939769845055,0.6254150584552697,0.9744130306699136,2024-04-07-06-15-10-record.csv
1710,1719,-0.7734197386379977,0.010356161131305839,-0.6171592943872357,2024-04-07-06-15-10-record.csv
1720,1729,-0.9346054589901664,0.7456126211771704,0.9783454159336651,2024-04-07-06-15-10-record.csv
1730,1739,0.9725576909100202,-0.2314458655296326,0.8823132890472382,2024-04-07-06-15-10-record.csv
1740,1749,-0.7847657837603494,-0.4169030279006992,-0.6870444915390581,2024-04-07-06-15-10-record.csv
1750,1759,0.18975834780968034,0.5308787984552817,0.8355260100832721,2024-04-07-06-15-10-record.csv
1760,1769,0.9817347727341416,-0.0644292075757348,-0.8838050563486962,2024-04-07-06-15-10-record.csv
1770,1779,-0.23647217962038936,0.3617784988952676,0.7098860353248606,2024-04-07-06-15-10-record.csv
1780,1789,-0.7283029585354983,-0.138219290581621,0.8486077571113776,2024-04-07-06-15-10-record.csv
1790,1799,0.9067364568893734,-0.6075679603593532,-0.8423451064554467,2024-04-07-06-15-10-record.csv
1800,1809,-0.7501928708195448,-0.007564624582541235,-0.6718525888832768,2024-04-07-06-15-10-record.csv
1810,1819,-0.8115896234225899,-0.4705402200696143,-0.5656084381063151,2024-04-07-06-15-10-record.csv
1820,1829,0.43169388863863534,0.8871856599307595,0.9714706218705033,2024-04-07-06-15-10-record.csv
1830,1839,0.6555050016222884,0.011743105275983367,-0.9137460141456839,2024-04-07-06-15-10-record.csv
1840,1849,0.025050819618297814,0.4117780814043085,0.6788992983294638,2024-04-07-06-15-10-record.csv
1850,1859,-0.6241965008298177,-0.015903095457288376,0.9861282723096876,2024-04-07-06-15-10-record.csv
1860,1869,-0.07695596650987141,0.06246235883674015,0.8951739126797376,2024-04-07-06-15-10-record.csv
1870,1879,-0.6624595671731207,0.748635392841421,0.2654367733752448,2024-04-07-06-15-10-record.csv
1880,1889,0.7927876922121019,-0.37384236246925195,-0.954286147990793,2024-04-07-06-15-10-record.csv
1890,1899,0.27397736286461166,0.5673537935503336,0.8726097985388444,2024-04-07-06-15-10-record.csv
1900,1909,0.6370852508457566,0.7049073785766115,0.9447396268777933,2024-04-07-06-15-10-record.csv
1910,1919,0.03399634004677983,-0.4977153436262012,-0.8765445135106887,2024-04-07-06-15-10-record.csv
1920,1929,-0.955226397222763,0.3629523810929848,-0.967841404078389,2024-04-07-06-15-10-record.csv
1930,1939,-0.572811193673723,0.682809267641373,0.8696425271958644,2024-04-07-06-15-10-record.csv
1940,1949,0.9329897836285231,-0.5809862368057376,-0.6311138520957381,2024-04-07-06-15-10-record.csv
1950,1959,0.056204349894408354,0.44659537973523844,0.9647422234027525,2024-04-07-06-15-10-record.csv
1960,1969,0.15221605864337642,0.7614190475194238,0.9835942124925168,2024-04-07-06-15-10-record.csv
1970,1979,0.4904408158269363,-0.020990392803128366,-0.5397256728512337,2024-04-07-06-15-10-record.csv
1980,1989,-0.6730589670148834,-0.17379828796433677,-0.020047745602276578,2024-04-07-06-15-10-record.csv
1990,1999,-0.20167864992385856,-0.4438832194464547,-0.8983385480672935,2024-04-07-06-15-10-record.csv
2000,2009,-0.6281076406939841,0.1002697663457133,-0.8241619605104642,2024-04-07-06-15-10-record.csv
2010,2019,-0.23679141979202697,0.3638533655515202,-0.249734792743609,2024-04-07-06-15-10-record.csv
2020,2029,0.7126830631564531,-0.2525539308787018,0.9674457158312293,2024-04-07-06-15-10-record.csv
2030,2039,-0.8146860367466929,-0.6252577373598511,-0.9849797496053566,2024-04-07-06-15-10-record.csv
2040,2049,0.9363800147029415,-0.5687716951116499,-0.9782194812191684,2024-04-07-06-15-10-record.csv
2050,2059,-0.808133632973958,-0.4274877972408367,0.8905330151456378,2024-04-07-06-15-10-record.csv
2060,2069,-0.06796696675494279,-0.4150527331325434,0.9962567535055021,2024-04-07-06-15-10-record.csv
2070,2079,0.5062548049894419,-0.600950584230627,-0.6700613906087834,2024-04-07-06-15-10-record.csv
2080,2089,0.7992476005697344,0.7543930430696665,-0.11220502617451318,2024-04-07-06-15-10-record.csv
2090,2099,-0.8566438503336087,0.7031537977472375,0.9756782911243514,2024-04-07-06-15-10-record.csv
2100,2109,0.85669226036731,0.6972224501733045,0.951571449440115,2024-04-07-06-15-10-record.csv
2110,2119,-0.7675340370753557,-0.6555115094826902,-0.9727630981726059,2024-04-07-06-15-10-record.csv
2120,2129,-0.07690047802873272,0.5492401066715233,-0.9322012139916415,2024-04-07-06-15-10-record.csv
2130,2139,-0.6476092444702853,-0.046005282693539006,-0.9955041042487731,2024-04-07-06-15-10-record.csv
2140,2149,0.9130139463631157,-0.5327503521546448,0.47249099725395727,2024-04-07-06-15-10-record.csv
2150,2159,0.11362355037748353,0.18780924282091555,-0.9332841415806531,2024-04-07-06-15-10-record.csv
2160,2169,0.8137254832563507,0.7144816566318275,0.9917646048064588,2024-04-07-06-15-10-record.csv
2170,2179,0.536316787459223,0.3570107107692359,0.9970807807746436,2024-04-07-06-15-10-record.csv
2180,2189,-0.922600444333326,-8.273353731974201e-10,0.49351194902764417,2024-04-07-06-15-10-record.csv
2190,2199,-0.5462157153933522,-0.4770089064105602,0.9015697233950106,2024-04-07-06-15-10-record.csv
2200,2209,-0.6847527683140189,-0.07704961503547982,-0.7430050072152328,2024-04-07-06-15-10-record.csv
2210,2219,0.47042930192479754,-0.48434097935407444,-0.625571632827847,2024-04-07-06-15-10-record.csv
2220,2229,0.8107502461039136,0.4065289787973014,0.7222723595376385,2024-04-07-06-15-10-record.csv
2230,2239,0.21041633075654304,-0.6567432102292949,0.105496945553284,2024-04-07-06-15-10-record.csv
2240,2249,0.09086871181476254,-0.5100837089055702,-0.39344404165570246,2024-04-07-06-15-10-record.csv
2250,2259,0.10092219256050315,0.19078285399949793,0.1860650205663948,2024-04-07-06-15-10-record.csv
2260,2269,0.7957873756600956,0.7026162875330737,0.7426410610015146,2024-04-07-06-15-10-record.csv
2270,2279,0.1245688099211377,-0.42841596747657873,-0.9974438148977285,2024-04-07-06-15-10-record.csv
2280,2289,-0.1515145298653415,0.11018844634755084,-0.9864675485541939,2024-04-07-06-15-10-record.csv
2290,2299,0.5187419314659711,-0.24262373908786805,0.018286161836525646,2024-04-07-06-15-10-record.csv
2300,2309,-0.6366008271822359,0.35261261238310115,-0.9921930954173941,2024-04-07-06-15-10-record.csv
2310,2319,0.8986341900688507,-0.6359987283420121,-0.890881927215846,2024-04-07-06-15-10-record.csv
2320,2329,0.9858032620600723,-0.28706992739162895,-0.8790295160961392,2024-04-07-06-15-10-record.csv
2330,2339,-0.27986916621657554,-0.45228066584244214,-0.36203528044388433,2024-04-07-06-15-10-record.csv
2340,2349,-0.9110777431787478,0.7563277451215829,0.9942767783072307,2024-04-07-06-15-10-record.csv
2350,2359,0.80468559091226,0.5763630631701011,0.9715016585077981,2024-04-07-06-15-10-record.csv
2360,2369,0.8232932959855765,-0.6270537639819185,0.20078694954911916,2024-04-07-06-15-10-record.csv
2370,2379,0.539527196079281,0.9172020387046083,0.9916367955985649,2024-04-07-06-15-10-record.csv
2380,2389,0.7455776604658367,0.058546262696695724,0.9909723577362549,2024-04-07-06-15-10-record.csv
2390,2399,-0.9027518578170504,-0.4051345829640983,-0.760156444195339,2024-04-07-06-15-10-record.csv
2400,2409,0.7149053984072462,-0.24714961964151927,-0.9625227216946312,2024-04-07-06-15-10-record.csv
2410,2419,-0.40808956278928216,0.740668046964753,-0.6369176462727762,2024-04-07-06-15-10-record.csv
2420,2429,0.24939835844295466,0.3944514420826336,0.8525097286090134,2024-04-07-06-15-10-record.csv
2430,2439,-0.733860982140908,0.3517533660079807,-0.8226300046910011,2024-04-07-06-15-10-record.csv
2440,2449,-0.06082000615510287,-0.4038496559895721,-0.6720473684524352,2024-04-07-06-15-10-record.csv
2450,2459,0.01744402497712465,0.7899371451123621,0.7442222027199366,2024-04-07-06-15-10-record.csv
2460,2469,0.8633861962356056,0.5808827973909614,0.20077219460848345,2024-04-07-06-15-10-record.csv
2470,2479,-0.891344654899067,0.6021376523695305,-0.7642325467010442,2024-04-07-06-15-10-record.csv
2480,2489,0.9683807824633499,0.5028892822853195,0.9469100809561529,2024-04-07-06-15-10-record.csv
2490,2499,0.832989194131094,-0.7631767517248634,-0.6662780286008603,2024-04-07-06-15-10-record.csv
2500,2509,0.16696114181649813,0.17842297113994254,-0.6115183832031839,2024-04-07-06-15-10-record.csv
2510,2519,0.614116330697836,0.7086481425064248,0.7025119909187554,2024-04-07-06-15-10-record.csv
2520,2529,-0.7586939802670741,-0.43269069652399406,0.23905824810743273,2024-04-07-06-15-10-record.csv
2530,2539,0.4392128425224986,0.2042911446889836,-0.5531157126915456,2024-04-07-06-15-10-record.csv
2540,2549,-0.9229291804387102,0.0024399252099053487,0.4293065241300728,2024-04-07-06-15-10-record.csv
2550,2559,0.1797303567087837,0.005419463143371316,0.7098489892752388,2024-04-07-06-15-10-record.csv
2560,2569,-0.029381181317021637,-0.5063126008099973,-0.8892488959421745,2024-04-07-06-15-10-record.csv
2570,2579,0.09599170936013454,-0.5391058258239112,-0.8436961421828438,2024-04-07-06-15-10-record.csv
2580,2589,0.8460055079236488,-0.16415032447632516,-0.9699631080316935,2024-04-07-06-15-10-record.csv
2590,2599,-0.3895477916516082,-0.04895955997665175,-0.8136739329894007,2024-04-07-06-15-10-record.csv
2600,2609,0.441782279829588,-0.03559333093943604,-0.9193310423059121,2024-04-07-06-15-10-record.csv
2610,2619,0.4377710380402335,-0.5724908721082315,0.9937731436841614,2024-04-07-06-15-10-record.csv
2620,2629,0.5756005202268998,0.1366812643475781,0.9202427482542345,2024-04-07-06-15-10-record.csv
2630,2639,-0.1371849201298572,-0.06793226600609915,-0.9860306582008246,2024-04-07-06-15-10-record.csv
2640,2649,0.3573722945553539,-0.5742392442966446,0.8324648045879918,2024-04-07-06-15-10-record.csv
2650,2659,0.039452506575315356,0.40119867408602183,-0.9757802150056036,2024-04-07-06-15-10-record.csv
2660,2669,-0.7634676259938586,0.23585070405579817,0.8759614543594446,2024-04-07-06-15-10-record.csv
2670,2679,-0.3851928625078629,-0.16347084353992797,0.8855937519960823,2024-04-07-06-15-10-record.csv
2680,2689,0.8307931042574385,0.014882336683720387,0.954554775282311,2024-04-07-06-15-10-record.csv
2690,2699,-0.8562017739873687,-0.512081374200134,-0.9887468919365496,2024-04-07-06-15-10-record.csv
2700,2709,0.8918267501622632,0.5128711433396896,-0.9701231974031419,2024-04-07-06-15-10-record.csv
2710,2719,-0.5634602939982265,-0.16766138977721134,-0.8778344419712564,2024-04-07-06-15-10-record.csv
2720,2729,0.48889016941367575,0.20153347117338102,0.8758087038355121,2024-04-07-06-15-10-record.csv
2730,2739,-0.18268280791408542,-0.2261787154529504,0.5694423615367601,2024-04-07-06-15-10-record.csv
2740,2749,-0.5195341812370948,0.8613871914007447,0.21146633877196025,2024-04-07-06-15-10-record.csv
2750,2759,0.07722065270678524,-0.10893056545157552,-0.4462213635970933,2024-04-07-06-15-10-record.csv
2760,2769,-0.7671850249495612,-0.23278195693485454,-0.8512215356030802,2024-04-07-06-15-10-record.csv
2770,2779,0.3480474452009379,0.40012735859797116,0.680221456861503,2024-04-07-06-15-10-record.csv
2780,2789,0.12974388134548365,0.5690561489198862,0.9609143543772675,2024-04-07-06-15-10-record.csv
2790,2799,0.7108400328252688,0.42398923092918855,0.9626367231942559,2024-04-07-06-15-10-record.csv
2800,2809,-0.24032690649998528,-0.17681151594353914,0.9811228395991037,2024-04-07-06-15-10-record.csv
2810,2819,-0.5537849581857784,-0.17967687315212535,0.9319081076841159,2024-04-07-06-15-10-record.csv
2820,2829,-0.9391787463522686,-0.6264811542926152,-0.9954786899529497,2024-04-07-06-15-10-record.csv
2830,2839,0.6613562437119618,0.6225235660751661,-0.9796107780334175,2024-04-07-06-15-10-record.csv
2840,2849,0.9324002984669874,-0.1090337014228275,-0.9960933617340274,2024-04-07-06-15-10-record.csv
2850,2859,-0.9589667307178186,0.05983374528899756,0.9697026343680847,2024-04-07-06-15-10-record.csv
2860,2869,0.5909192604981661,0.421787507976186,0.9384235784586109,2024-04-07-06-15-10-record.csv
2870,2879,0.19376876467546442,-0.21545170675851055,-0.9360744736109294,2024-04-07-06-15-10-record.csv
2880,2889,0.2684298038376332,0.09111851036911472,0.9954232997697019,2024-04-07-06-15-10-record.csv
2890,2899,-0.8796780675826701,-0.1634491831165734,0.481323615613523,2024-04-07-06-15-10-record.csv
2900,2909,-0.3134127626682272,-0.5876533125087351,-0.9873875441354069,2024-04-07-06-15-10-record.csv
2910,2919,0.8562263338333652,0.6758516386426346,-0.9572471048889238,2024-04-07-06-15-10-record.csv
2920,2929,0.7752680948322936,-0.24021122774251605,0.06457156707169295,2024-04-07-06-15-10-record.csv
2930,2939,0.03444863973523466,0.9190287724035231,0.8992216351154418,2024-04-07-06-15-10-record.csv
2940,2949,0.07213873252991129,-0.4191964374107642,-0.5455109864221789,2024-04-07-06-15-10-record.csv
2950,2959,0.4911346067873937,0.6363532223707491,0.8636445551068097,2024-04-07-06-15-10-record.csv
2960,2969,0.5682327790976175,-0.6279261326385,-0.8722296014379579,2024-04-07-06-15-10-record.csv
2970,2979,-0.5458814420486156,-0.03377923645601785,-0.7540036856673316,2024-04-07-06-15-10-record.csv
2980,2989,0.4581309437054363,-0.9064064191821786,-0.2841937659384563,2024-04-07-06-15-10-record.csv
2990,2999,-0.9206657528197196,-0.6171522135352848,-0.9764348494739764,2024-04-07-06-15-10-record.csv
3000,3009,0.8176101273483195,0.787480393285377,0.9396713442014382,2024-04-07-06-15-10-record.csv
3010,3019,0.8621812310921585,-0.341913090980117,0.9521563339463872,2024-04-07-06-15-10-record.csv
3020,3029,0.8418055049261055,0.44571492252787764,0.8562830145915096,2024-04-07-06-15-10-record.csv
3030,3039,-0.6490372989822585,0.5168902899503539,0.9187667883479343,2024-04-07-06-15-10-record.csv
3040,3049,-0.3610410243749362,-0.061780331748696016,-0.3487041685505802,2024-04-07-06-15-10-record.csv
3050,3059,-0.2568690149777053,0.33976991801431267,-0.9604089485926302,2024-04-07-06-15-10-record.csv
3060,3069,0.5640283458021431,0.8111942828862313,-0.8971460640205513,2024-04-07-06-15-10-record.csv
3070,3079,0.7113912153953548,0.6267583899490784,0.6686946744113853,2024-04-07-06-15-10-record.csv
3080,3089,0.6615348809776408,-0.07504633466731563,-0.9845460046562458,2024-04-07-06-15-10-record.csv
3090,3099,-0.0025174082419372025,-0.6442727312986719,-0.48011587843237336,2024-04-07-06-15-10-record.csv
3100,3109,-0.8662710728997646,0.5565550133935909,0.8475147625555344,2024-04-07-06-15-10-record.csv
3110,3119,,0.26101951644270766,0.6432708630776443,2024-04-07-06-15-10-record.csv
3120,3129,-0.7820454480323441,-0.6463839011356318,-0.6682464249409454,2024-04-07-06-15-10-record.csv
3130,3139,-0.7669902508104814,-0.631994871803159,-0.9715075690830202,2024-04-07-06-15-10-record.csv
3140,3149,0.24938225830297137,-0.18587856143982137,-0.18859225969419072,2024-04-07-06-15-10-record.csv
3150,3159,0.7906491115691603,0.4398379438727692,0.9683297102269377,2024-04-07-06-15-10-record.csv
3160,3169,-0.008460139664462758,-0.20176241731707162,0.7122007023410112,2024-04-07-06-15-10-record.csv
3170,3179,0.9343063206519081,0.7729950399741965,0.8300023360551598,2024-04-07-06-15-10-record.csv
3180,3189,-0.23415506164114014,-0.7061843032019451,-0.8681467770595234,2024-04-07-06-15-10-record.csv
3190,3199,0.3235958865565577,0.7333091418839242,0.7227358129420494,2024-04-07-06-15-10-record.csv
3200,3209,0.7296487595482194,0.6867914261999319,0.9167726341324904,2024-04-07-06-15-10-record.csv
3210,3219,0.49916749032169516,-0.8465108143904079,-0.9210361293451372,2024-04-07-06-15-10-record.csv
3220,3229,-0.19265087250960228,-0.22806160250139154,0.6942776097494218,2024-04-07-06-15-10-record.csv
3230,3239,0.1827981588656489,-0.6430740929793907,-0.3768367566983697,2024-04-07-06-15-10-record.csv
0,9,0.890354300041565,0.8686163209765574,0.8991067835174188,2024-05-16-09-36-44-record.csv
10,19,0.9437300894918372,-0.9753724343392667,-0.9363856908507971,2024-05-16-09-36-44-record.csv
20,29,0.889855057909563,-0.6745629680675954,-0.9945866238266922,2024-05-16-09-36-44-record.csv
30,39,,,,2024-05-16-09-36-44-record.csv
0,9,0.8716543392229055,0.7719510575998737,0.7386463430669429,2024-05-18-15-32-32-record.csv
10,19,0.918246343095884,0.6167535175526396,0.8919544572319037,2024-05-18-15-32-32-record.csv
20,29,0.865040961239997,0.26914857834184,0.20507394166048223,2024-05-18-15-32-32-record.csv
30,39,-0.9583856827137057,-0.19481235636502073,0.8890658652264274,2024-05-18-15-32-32-record.csv
40,49,0.40246013545959713,-0.5643677046388408,-0.9140011632259102,2024-05-18-15-32-32-record.csv
50,59,0.8131522772767605,0.5562669761694686,0.4571544722709634,2024-05-18-15-32-32-record.csv
60,69,0.8788893454254693,-0.4629616183767393,-0.7399051111304735,2024-05-18-15-32-32-record.csv
70,79,-0.8873406506973448,-0.8133137315163329,-0.9649007435224997,2024-05-18-15-32-32-record.csv
80,89,0.16466019999834447,0.6999015121311958,0.41109244268431516,2024-05-18-15-32-32-record.csv
90,99,-0.8134028824568948,-0.567221935868523,0.979642674742691,2024-05-18-15-32-32-record.csv
100,109,0.9347900497356825,0.46838964617592765,0.5630408118318869,2024-05-18-15-32-32-record.csv
110,119,-0.4070103769826031,-0.3003736089759108,-0.9584470292746688,2024-05-18-15-32-32-record.csv
120,129,-0.5833302201143624,0.08174188014341026,0.43113393456444316,2024-05-18-15-32-32-record.csv
130,139,-0.09244994616657556,0.6371171534302851,-0.9060461152832286,2024-05-18-15-32-32-record.csv
140,149,-0.4557933504799612,-0.752823647440126,0.4274284612270444,2024-05-18-15-32-32-record.csv
150,159,-0.048545252904163165,0.5165673460748659,-0.7999581893120125,2024-05-18-15-32-32-record.csv
160,169,-0.2542185134335581,0.029237765317519104,0.3702371804856183,2024-05-18-15-32-32-record.csv
170,179,-0.6145062011184743,0.48673027140744923,0.8823383109835821,2024-05-18-15-32-32-record.csv
180,189,-0.10019722017825423,-0.7538160181544032,-0.9551171853936155,2024-05-18-15-32-32-record.csv
190,199,0.7805697882829901,-0.16624446964517203,-0.7966983824954771,2024-05-18-15-32-32-record.csv
200,209,-0.8324343304055476,-0.18241211396565354,0.857550740855175,2024-05-18-15-32-32-record.csv
210,219,-0.618513967361335,-0.09656461104260124,-0.7819600383766421,2024-05-18-15-32-32-record.csv
220,229,0.7073293157487192,0.16846364936963576,0.9427320354221312,2024-05-18-15-32-32-record.csv
230,239,0.2981550019375632,0.6351048327797326,-0.5085683813263696,2024-05-18-15-32-32-record.csv
240,249,-0.8033665863952518,0.6095413041001306,-0.9284480566822184,2024-05-18-15-32-32-record.csv
250,259,-0.7644041350177312,0.45438941721725395,-0.8142354045757622,2024-05-18-15-32-32-record.csv
260,269,-0.5063059209426268,-0.5351492952567128,0.00207104532858266,2024-05-18-15-32-32-record.csv
270,279,-0.14387327592551719,0.7287783243621718,-0.8700667566560392,2024-05-18-15-32-32-record.csv
280,289,0.807391727559332,0.07166100459032262,0.844506437914863,2024-05-18-15-32-32-record.csv
290,299,0.8662975535080671,-0.22044055217563852,0.9660080833109678,2024-05-18-15-32-32-record.csv
300,309,-0.9299366204085097,0.7957931717290916,-0.9496747546635911,2024-05-18-15-32-32-record.csv
310,319,0.26718299195149753,0.7429324689314879,-0.8300251390527369,2024-05-18-15-32-32-record.csv
320,329,0.9436525131078876,-0.659950709531479,0.9657140700966002,2024-05-18-15-32-32-record.csv
330,339,-0.8047071946372863,-0.41309097363851943,-0.8662714889205705,2024-05-18-15-32-32-record.csv
340,349,-0.9111549825219905,0.12578589523110206,0.5591153964746397,2024-05-18-15-32-32-record.csv
350,359,0.0832242992567388,0.4374670219237477,0.3451521325990722,2024-05-18-15-32-32-record.csv
360,369,-0.4401989327463885,-0.6450167445729208,0.5600521717714029,2024-05-18-15-32-32-record.csv
370,379,-0.6983190813950296,0.6264490692493091,0.6002284023040071,2024-05-18-15-32-32-record.csv
380,389,0.8595842205098152,0.4846446482333754,0.8822241999977404,2024-05-18-15-32-32-record.csv
390,399,0.03364869514655056,-0.15901127959310576,0.6678791869847086,2024-05-18-15-32-32-record.csv
400,409,-0.005063748277532716,0.6067251908867068,0.617836995601506,2024-05-18-15-32-32-record.csv
410,419,-0.90447621876167,0.48325613435582615,-0.8611129064409866,2024-05-18-15-32-32-record.csv
420,429,0.7902329759765794,0.09456337827795896,-0.4503980578176667,2024-05-18-15-32-32-record.csv
430,439,0.6687249175402226,-0.12569048137099265,0.8089398088035238,2024-05-18-15-32-32-record.csv
440,449,-0.7191936697923821,0.20077987593308885,-0.37542736365015483,2024-05-18-15-32-32-record.csv
450,459,-0.02061118176345742,0.45249111578286644,0.5812892744308691,2024-05-18-15-32-32-record.csv
460,469,-0.12212388443157826,-0.2657361457940541,-0.6271480581852982,2024-05-18-15-32-32-record.csv
470,479,0.8592721493153165,-0.4311443071046724,-0.8809291101865141,2024-05-18-15-32-32-record.csv
480,489,-0.8607913544194394,0.12962733039350158,0.7792917446761105,2024-05-18-15-32-32-record.csv
490,499,0.8858587338562831,0.11559017673658795,0.9530436327132569,2024-05-18-15-32-32-record.csv
500,509,0.36392892308580316,0.19882339202477925,0.6941829181807341,2024-05-18-15-32-32-record.csv
510,519,-0.8708060412708029,-0.6306145889634694,-0.9586966547806954,2024-05-18-15-32-32-record.csv
520,529,-0.7846373004675209,-0.6233963848473146,-0.7354753788753003,2024-05-18-15-32-32-record.csv
530,539,-0.03784251286898159,0.5997215789476636,0.7982244156757373,2024-05-18-15-32-32-record.csv
540,549,-0.2289467409780687,0.8147785144243614,-0.2758839917182519,2024-05-18-15-32-32-record.csv
550,559,-0.6905860275869334,-0.9193989397914104,-0.9001119060975823,2024-05-18-15-32-32-record.csv
560,569,0.061219028874758205,0.719341194313556,0.8330283659789596,2024-05-18-15-32-32-record.csv
570,579,0.7054908474017669,0.257532861398204,-0.8230390276469396,2024-05-18-15-32-32-record.csv
580,589,0.8988610152996632,-0.25822220075331265,0.8434750662819408,2024-05-18-15-32-32-record.csv
590,599,0.4721653103557206,-0.002933112873724225,-0.6153189367294831,2024-05-18-15-32-32-record.csv
600,609,-0.7968252836099209,0.36838323747462737,0.80813564158339,2024-05-18-15-32-32-record.csv
610,619,0.05345187084173965,-0.0018958387784689735,-0.31197818088965484,2024-05-18-15-32-32-record.csv
620,629,0.9654480391194703,-0.766942068104662,0.16782695133163017,2024-05-18-15-32-32-record.csv
630,639,0.4705794964266357,0.11959389363277147,-0.9844427071910151,2024-05-18-15-32-32-record.csv
640,649,0.9073443004561059,-0.18365990278432665,0.7734075219643284,2024-05-18-15-32-32-record.csv
650,659,-0.9893319169357659,-0.4316087380314319,-0.9787431429876279,2024-05-18-15-32-32-record.csv
660,669,-0.19295320997691476,0.07074957590741734,0.9908490718257452,2024-05-18-15-32-32-record.csv
670,679,0.9306072358956297,-0.5388662259082341,0.9966112160149766,2024-05-18-15-32-32-record.csv
680,689,-0.73250323017027,0.8386607883104005,0.4079670558052505,2024-05-18-15-32-32-record.csv
690,699,0.9405656098277388,-0.5777070700147307,0.9318183180417351,2024-05-18-15-32-32-record.csv
700,709,-0.4203746727003468,0.7994539916773844,0.7848746066028203,2024-05-18-15-32-32-record.csv
710,719,-0.42395765048450607,0.6243460167844045,-0.9687304619760168,2024-05-18-15-32-32-record.csv
720,729,-0.9529901219025819,-0.07650010515629367,0.8536706642697367,2024-05-18-15-32-32-record.csv
730,739,-0.8838012248820661,-0.5342860702960932,-0.9064587824096358,2024-05-18-15-32-32-record.csv
740,749,0.6350829679665371,0.17926828597826078,0.6161296254527748,2024-05-18-15-32-32-record.csv
750,759,0.7855184943759617,-0.7519090258129421,-0.8639540833451633,2024-05-18-15-32-32-record.csv
760,769,0.91062111669075,0.6331517587707276,-0.493508130557113,2024-05-18-15-32-32-record.csv
770,779,-0.955910563088265,0.5362572829869829,0.8056722975521012,2024-05-18-15-32-32-record.csv
780,789,0.917245549320833,0.49630782833594084,0.926011835398485,2024-05-18-15-32-32-record.csv
790,799,0.20658812863089862,0.36607245081315204,0.5018132465242523,2024-05-18-15-32-32-record.csv
800,809,0.8999873807942038,0.6925880838383868,-0.7851162304894663,2024-05-18-15-32-32-record.csv
810,819,-0.8724706629374327,-0.10344376773302308,0.9273650160053315,2024-05-18-15-32-32-record.csv
820,829,0.4537609921546086,-0.8351383821994487,-0.8638170285665394,2024-05-18-15-32-32-record.csv
830,839,-0.8418146674317403,-0.061207455748980996,-0.7689071097020836,2024-05-18-15-32-32-record.csv
840,849,-0.7653976935664625,0.3549378911604322,-0.7329432935687548,2024-05-18-15-32-32-record.csv
850,859,-0.6161545899782231,0.804507290604308,0.5061652807571461,2024-05-18-15-32-32-record.csv
860,869,0.9895850170615963,-0.760640845671206,0.9641332529447543,2024-05-18-15-32-32-record.csv
870,879,-0.8800841989462994,0.19240082025499045,-0.8109147596739347,2024-05-18-15-32-32-record.csv
880,889,0.9050573009312319,-0.16845906014560447,0.6194613928142698,2024-05-18-15-32-32-record.csv
890,899,-0.7543759494823288,0.5088564762770027,-0.9619515318024737,2024-05-18-15-32-32-record.csv
900,909,0.5807264361532809,0.577235884362938,0.6187038266596118,2024-05-18-15-32-32-record.csv
910,919,0.33166455854968024,-0.05654498704004139,-0.9671859701618928,2024-05-18-15-32-32-record.csv
920,929,0.7513008267263641,-0.13654484498474878,0.9712074748145167,2024-05-18-15-32-32-record.csv
930,939,-0.8314272197734909,0.4236235436635066,-0.3977661691188873,2024-05-18-15-32-32-record.csv
940,949,0.9107242437890535,-0.6828473661711569,-0.06034632741465812,2024-05-18-15-32-32-record.csv
950,959,-0.8702146859850526,-0.7630477304477276,-0.9013891734867419,2024-05-18-15-32-32-record.csv
960,969,0.7244178920284853,0.6150345943291131,0.8924515548968588,2024-05-18-15-32-32-record.csv
970,979,0.17255205770688417,-0.37643479995616064,-0.9469545304672837,2024-05-18-15-32-32-record.csv
980,989,-0.6402966171040826,-0.06609831398299827,-0.8526304300290817,2024-05-18-15-32-32-record.csv
990,999,-0.5023977635612913,-0.8436000759113187,-0.9480324372147358,2024-05-18-15-32-32-record.csv
1000,1009,0.4230320327627686,0.6712589386989444,0.9150012260803108,2024-05-18-15-32-32-record.csv
1010,1019,0.8418106668700244,0.32210830872002527,0.929670909792535,2024-05-18-15-32-32-record.csv
1020,1029,-0.8792515616717888,-0.1810720859848544,-0.9620029372172827,2024-05-18-15-32-32-record.csv
1030,1039,0.7590120442599608,0.27153564858667906,0.11689187001794026,2024-05-18-15-32-32-record.csv
1040,1049,-0.7778645317317799,0.61929369066126,0.6692395826688681,2024-05-18-15-32-32-record.csv
1050,1059,0.7877076679517104,0.030821152451405872,-0.38195859942415766,2024-05-18-15-32-32-record.csv
1060,1069,0.8758538015162334,-0.06594507000722252,-0.9425370149440919,2024-05-18-15-32-32-record.csv
1070,1079,-0.9570718708508751,-0.685221407161094,-0.4441375950343732,2024-05-18-15-32-32-record.csv
1080,1089,0.717689200410718,0.8342491305298266,0.8769023572237863,2024-05-18-15-32-32-record.csv
1090,1099,,0.43429848352416006,0.9353909823645705,2024-05-18-15-32-32-record.csv
1100,1109,-0.8974406211630187,0.402796960317011,-0.9302505900967252,2024-05-18-15-32-32-record.csv
1110,1119,0.3071689108387601,0.17746565748081042,0.6290326580294191,2024-05-18-15-32-32-record.csv
1120,1129,0.652560292730687,-0.6890700560161301,0.4840685544180836,2024-05-18-15-32-32-record.csv
1130,1139,0.9156645903927059,0.16220025528200194,-0.9671569864734522,2024-05-18-15-32-32-record.csv
1140,1149,-0.7937233598004435,0.7395169987681097,0.8212968410178964,2024-05-18-15-32-32-record.csv
1150,1159,0.1191279043773905,0.1427926322716184,0.8045133924534976,2024-05-18-15-32-32-record.csv
1160,1169,0.9690340361228936,-0.8848791956800603,0.554375585961278,2024-05-18-15-32-32-record.csv
1170,1179,-0.14897719683145058,-0.8489708541855169,-0.9880645861147282,2024-05-18-15-32-32-record.csv
1180,1189,-0.5402112461297693,0.7886424339425242,0.8688677545425078,2024-05-18-15-32-32-record.csv
1190,1199,-0.8939961805182471,-0.7841239400702601,-0.18309235414444863,2024-05-18-15-32-32-record.csv
1200,1209,-0.6658025980915586,0.4772773750153656,-0.6136206694092972,2024-05-18-15-32-32-record.csv
1210,1219,0.4198692466485926,-0.21036135326961306,-0.6337604340740187,2024-05-18-15-32-32-record.csv
1220,1229,0.9259189929912143,0.1132370497696418,0.9986368269442768,2024-05-18-15-32-32-record.csv
1230,1239,0.7440821861381921,-0.3352997282613156,0.8974873479668813,2024-05-18-15-32-32-record.csv
1240,1249,-0.7446877633897597,-0.49794351529247943,-0.6845070131744783,2024-05-18-15-32-32-record.csv
1250,1259,-0.7464809289856087,0.6300403397045173,-0.5742778300312903,2024-05-18-15-32-32-record.csv
1260,1269,0.855273533178917,0.3824812592993294,0.11115864019900058,2024-05-18-15-32-32-record.csv
1270,1279,-0.22091505121897673,0.7298697267314357,0.04200929405043735,2024-05-18-15-32-32-record.csv
1280,1289,-0.2969398346023193,0.8887851372790441,0.8903543121234447,2024-05-18-15-32-32-record.csv
1290,1299,-0.8392498905277597,-0.7610602656180182,-0.6923201880049237,2024-05-18-15-32-32-record.csv
1300,1309,-0.8108567590817494,0.5433592523774075,-0.34493381430115444,2024-05-18-15-32-32-record.csv
1310,1319,-0.020759308818809736,0.7355721108975551,0.9933340112527075,2024-05-18-15-32-32-record.csv
1320,1329,0.9244579584504066,0.9288675699308717,0.9972955870069539,2024-05-18-15-32-32-record.csv
1330,1339,0.8450752612518906,-0.7736140977952349,0.425107641287224,2024-05-18-15-32-32-record.csv
1340,1349,0.7053609617717357,0.5897918267864987,0.49154846430750704,2024-05-18-15-32-32-record.csv
1350,1359,0.838127288966375,0.5057525991933441,0.8718185852818485,2024-05-18-15-32-32-record.csv
1360,1369,0.9531501370636555,-0.8001145059941401,-0.8194048352899745,2024-05-18-15-32-32-record.csv
1370,1379,0.371772458830686,0.8633912856509905,0.6352321789402364,2024-05-18-15-32-32-record.csv
1380,1389,0.9593193212625732,0.27728156234720475,-0.6906709874663951,2024-05-18-15-32-32-record.csv
1390,1399,0.8778960063288201,-0.8511719704128028,-0.5397054503106199,2024-05-18-15-32-32-record.csv
1400,1409,0.9986254289035258,,-0.9607689228305267,2024-05-18-15-32-32-record.csv
